{
  "allPositions": {
    "totalBought": 19335.735108000077,
    "totalImpact": 1319.9121743765388,
    "percChange": 6.83,
    "avgPositionImpactPerc": 2.42241935483871,
    "avgPickImpactPerc": 3.9181929456394045,
    "avgMultiplierImpactPerc": 12.502284069386375,
    "totalPositions": 62,
    "totalPicks": 81,
    "totalMultipliers": 254.66666666666663
  },
  "withoutKEG": {
    "totalBought": 19335.735108000077,
    "totalImpact": 1319.9121743765388,
    "percChange": 6.83,
    "avgPositionImpactPerc": 2.42241935483871,
    "avgPickImpactPerc": 3.9181929456394045,
    "avgMultiplierImpactPerc": 12.502284069386375,
    "totalPositions": 62,
    "totalPicks": 81,
    "totalMultipliers": 254.66666666666663
  },
  "lastFive": {
    "totalBought": 11152.001134000146,
    "totalImpact": 904.7319355730982,
    "percChange": 8.11,
    "avgPositionImpactPerc": 4.108461538461539,
    "avgPickImpactPerc": 3.5386361351997575,
    "avgMultiplierImpactPerc": 5.219429668743836,
    "totalPositions": 26,
    "totalPicks": 34,
    "totalMultipliers": 140.33333333333331
  },
  "yesterday": {
    "totalBought": 5808.193600000135,
    "totalImpact": 618.248450800444,
    "percChange": 10.64,
    "avgPositionImpactPerc": 9.05625,
    "avgPickImpactPerc": 5.53,
    "avgMultiplierImpactPerc": 11.872291666666674,
    "totalPositions": 8,
    "totalPicks": 12,
    "totalMultipliers": 48
  },
  "today": {
    "totalBought": 2019.030000000012,
    "totalImpact": 259.752,
    "percChange": 12.87,
    "avgPositionImpactPerc": 6.843333333333334,
    "avgPickImpactPerc": 6.8439380994653005,
    "avgMultiplierImpactPerc": 10.789054934482687,
    "totalPositions": 6,
    "totalPicks": 6,
    "totalMultipliers": 21
  },
  "watchout": {
    "totalBought": 8521.064007999978,
    "totalImpact": -16.36417791766179,
    "percChange": -0.19,
    "avgPositionImpactPerc": 0.4561538461538465,
    "avgPickImpactPerc": -0.3400644143356777,
    "avgMultiplierImpactPerc": 1.4933171805470422,
    "totalPositions": 26,
    "totalPicks": 36,
    "totalMultipliers": 71.33333333333333
  },
  "notWatchout": {
    "totalBought": 7747.914500000112,
    "totalImpact": 1163.8889849244126,
    "percChange": 15.02,
    "avgPositionImpactPerc": 4.409444444444444,
    "avgPickImpactPerc": 9.227340930818082,
    "avgMultiplierImpactPerc": 18.57643089681244,
    "totalPositions": 18,
    "totalPicks": 25,
    "totalMultipliers": 159.33333333333331
  },
  "bullish": {
    "totalBought": 7416.327480000174,
    "totalImpact": 467.75132235111676,
    "percChange": 6.31,
    "avgPositionImpactPerc": 0.5814285714285713,
    "avgPickImpactPerc": -0.8239342195660184,
    "avgMultiplierImpactPerc": 5.58684689067297,
    "totalPositions": 21,
    "totalPicks": 28,
    "totalMultipliers": 74
  },
  "neutral": {
    "totalBought": 4811.093325999906,
    "totalImpact": 330.4890656185221,
    "percChange": 6.87,
    "avgPositionImpactPerc": 2.31125,
    "avgPickImpactPerc": 0.6887265211362295,
    "avgMultiplierImpactPerc": 6.167372008051901,
    "totalPositions": 16,
    "totalPicks": 16,
    "totalMultipliers": 42
  },
  "bearish": {
    "totalBought": 7083.796501999997,
    "totalImpact": 522.3641418369,
    "percChange": 7.37,
    "avgPositionImpactPerc": 4.325833333333333,
    "avgPickImpactPerc": 9.233726733512794,
    "avgMultiplierImpactPerc": 18.292801893256623,
    "totalPositions": 24,
    "totalPicks": 36,
    "totalMultipliers": 137.66666666666666
  },
  "majorJump": {
    "totalBought": 4045.976302,
    "totalImpact": 390.8768380222808,
    "percChange": 9.66,
    "avgPositionImpactPerc": 8.276250000000001,
    "avgPickImpactPerc": 14.981052631578947,
    "avgMultiplierImpactPerc": 22.956915887850474,
    "totalPositions": 8,
    "totalPicks": 19,
    "totalMultipliers": 107.66666666666666
  },
  "mediumJump": {
    "totalBought": 7622.683794000031,
    "totalImpact": 523.4625578708857,
    "percChange": 6.87,
    "avgPositionImpactPerc": 5.79,
    "avgPickImpactPerc": 9.020955957290894,
    "avgMultiplierImpactPerc": 24.74380083259431,
    "totalPositions": 14,
    "totalPicks": 25,
    "totalMultipliers": 106.33333333333333
  },
  "minorJump": {
    "totalBought": 12925.317814000073,
    "totalImpact": 889.7106730301447,
    "percChange": 6.88,
    "avgPositionImpactPerc": 2.345454545454546,
    "avgPickImpactPerc": 4.989468941482798,
    "avgMultiplierImpactPerc": 17.830261134636146,
    "totalPositions": 44,
    "totalPicks": 57,
    "totalMultipliers": 181.66666666666666
  },
  "singleMultiplier": {
    "totalBought": 5463.762693999934,
    "totalImpact": 173.9472361535964,
    "percChange": 3.18,
    "avgPositionImpactPerc": 1.3636363636363635,
    "avgPickImpactPerc": 0.6069535359748741,
    "avgMultiplierImpactPerc": 0.6069535359748741,
    "totalPositions": 33,
    "totalPicks": 33,
    "totalMultipliers": 33
  },
  "multipleMultipliers": {
    "totalBought": 13871.972414000149,
    "totalImpact": 1145.964938222943,
    "percChange": 8.26,
    "avgPositionImpactPerc": 3.627241379310345,
    "avgPickImpactPerc": 6.194670039783767,
    "avgMultiplierImpactPerc": 14.278509895642392,
    "totalPositions": 29,
    "totalPicks": 48,
    "totalMultipliers": 221.66666666666663
  },
  "singlePick": {
    "totalBought": 12140.408025999932,
    "totalImpact": 868.1313377805667,
    "percChange": 7.15,
    "avgPositionImpactPerc": 2.3939215686274515,
    "avgPickImpactPerc": 1.9018358548390553,
    "avgMultiplierImpactPerc": 5.505584613534465,
    "totalPositions": 51,
    "totalPicks": 51,
    "totalMultipliers": 120.33333333333333
  },
  "multiplePicks": {
    "totalBought": 7195.3270820001435,
    "totalImpact": 451.7808365959723,
    "percChange": 6.28,
    "avgPositionImpactPerc": 2.5545454545454542,
    "avgPickImpactPerc": 7.346000000000001,
    "avgMultiplierImpactPerc": 18.76798507462688,
    "totalPositions": 11,
    "totalPicks": 30,
    "totalMultipliers": 134.33333333333331
  },
  "notWatchoutMajorJump": {
    "totalBought": 858.8528999999974,
    "totalImpact": 215.8440542492299,
    "percChange": 25.13,
    "avgPositionImpactPerc": 7.303333333333335,
    "avgPickImpactPerc": 21.098749999999995,
    "avgMultiplierImpactPerc": 24.258863636363643,
    "totalPositions": 3,
    "totalPicks": 8,
    "totalMultipliers": 88.33333333333333
  },
  "notWatchoutMajorJumpNotStraightDowner": {
    "totalBought": 578.7512999999976,
    "totalImpact": 226.94174052922983,
    "percChange": 39.21,
    "avgPositionImpactPerc": 39.21,
    "avgPickImpactPerc": 42.48,
    "avgMultiplierImpactPerc": 42.48000000000001,
    "totalPositions": 1,
    "totalPicks": 5,
    "totalMultipliers": 58.33333333333333
  },
  "straightDowner": {
    "totalBought": 10311.483996000055,
    "totalImpact": 955.7982048120862,
    "percChange": 9.27,
    "avgPositionImpactPerc": 2.536666666666666,
    "avgPickImpactPerc": 5.245107407700993,
    "avgMultiplierImpactPerc": 16.076821103788735,
    "totalPositions": 36,
    "totalPicks": 49,
    "totalMultipliers": 180.66666666666663
  },
  "notStraightDowner": {
    "totalBought": 2633.6711340000206,
    "totalImpact": 340.5071403614824,
    "percChange": 12.93,
    "avgPositionImpactPerc": 7.786666666666666,
    "avgPickImpactPerc": 19.551322823266073,
    "avgMultiplierImpactPerc": 30.587251014824087,
    "totalPositions": 9,
    "totalPicks": 15,
    "totalMultipliers": 91.66666666666666
  },
  "firstAlert": {
    "totalBought": 18939.62121400008,
    "totalImpact": 1328.242998360986,
    "percChange": 7.01,
    "avgPositionImpactPerc": 3.155283018867925,
    "avgPickImpactPerc": 4.6374804085255965,
    "avgMultiplierImpactPerc": 13.098066475819506,
    "totalPositions": 53,
    "totalPicks": 70,
    "totalMultipliers": 243.66666666666663
  },
  "notFirstAlert": {
    "totalBought": 396.11389399999985,
    "totalImpact": -8.330823984447049,
    "percChange": -2.1,
    "avgPositionImpactPerc": -1.8933333333333335,
    "avgPickImpactPerc": -0.6590909090909097,