{
  "allPositions": {
    "totalBought": 17316.705108000056,
    "totalImpact": 914.8942711076182,
    "percChange": 5.28,
    "avgPositionImpactPerc": 1.7750000000000004,
    "avgPickImpactPerc": 3.6395839246137514,
    "avgMultiplierImpactPerc": 11.842155521592428,
    "totalPicks": 75,
    "totalMultipliers": 233.66666666666663
  },
  "withoutKEG": {
    "totalBought": 17316.705108000056,
    "totalImpact": 914.8942711076182,
    "percChange": 5.28,
    "avgPositionImpactPerc": 1.7750000000000004,
    "avgPickImpactPerc": 3.6395839246137514,
    "avgMultiplierImpactPerc": 11.842155521592428,
    "totalPicks": 75,
    "totalMultipliers": 233.66666666666663
  },
  "lastFive": {
    "totalBought": 9856.272734000127,
    "totalImpact": 736.3920638434076,
    "percChange": 7.47,
    "avgPositionImpactPerc": 4.664166666666667,
    "avgPickImpactPerc": 8.488022065167534,
    "avgMultiplierImpactPerc": 15.519570367574778,
    "totalPicks": 36,
    "totalMultipliers": 181.66666666666663
  },
  "yesterday": {
    "totalBought": 2131.421531999995,
    "totalImpact": -82.62938645460635,
    "percChange": -3.88,
    "avgPositionImpactPerc": -5.296,
    "avgPickImpactPerc": -5.0216666666666665,
    "avgMultiplierImpactPerc": -4.667727272727273,
    "totalPicks": 6,
    "totalMultipliers": 22
  },
  "today": {
    "totalBought": 5808.193600000134,
    "totalImpact": 520.8320753599942,
    "percChange": 8.97,
    "avgPositionImpactPerc": 9.026250000000001,
    "avgPickImpactPerc": 5.8648995288359425,
    "avgMultiplierImpactPerc": 8.337546594396526,
    "totalPicks": 12,
    "totalMultipliers": 48
  }
}