{
  "allPositions": {
    "totalBought": 15147.290976001554,
    "percChange": -1.96,
    "avgDayImpact": 0.593777777777778,
    "totalImpact": -296.8452473479403,
    "avgPickReturn": 1.8736567809159719,
    "totalPicks": 64
  },
  "withoutKEG": {
    "totalBought": 10020.308275999902,
    "percChange": 3.82,
    "avgDayImpact": 0.9086363636363637,
    "totalImpact": 383.20286265205965,
    "avgPickReturn": 2.882840563305459,
    "totalPicks": 60
  },
  "lastFive": {
    "totalBought": 5858.095281999963,
    "percChange": 4.01,
    "avgDayImpact": 0.18200000000000016,
    "totalImpact": 234.6427519622903,
    "avgPickReturn": 3.5002675332904505,
    "totalPicks": 39
  }
}