{
  "allPositions": {
    "totalBought": 15147.290976001554,
    "percChange": -1.96,
    "avgDayImpact": 0.5937777777777776,
    "totalImpact": -296.84524734794036,
    "avgPickReturn": 1.6485240678091604,
    "totalPicks": 64
  },
  "withoutKEG": {
    "totalBought": 10020.308275999902,
    "percChange": 3.82,
    "avgDayImpact": 0.9086363636363632,
    "totalImpact": 383.2028626520597,
    "avgPickReturn": 1.7672684056330554,
    "totalPicks": 60
  },
  "lastFive": {
    "totalBought": 6731.447193999938,
    "percChange": 3.05,
    "avgDayImpact": 0.19304347826086943,
    "totalImpact": 204.9895882308772,
    "avgPickReturn": -0.1475862068965521,
    "totalPicks": 29
  }
}